Date,Time,Username,IP Address
Jan,29,anonymous,220.195.35.40
Jan,29,passwd,220.195.35.40
Jan,29,chuck,220.195.35.40
Jan,29,darkman,220.195.35.40
Jan,29,hostmaster,220.195.35.40
Jan,29,jeffrey,220.195.35.40
Jan,29,loverd,220.195.35.40
Jan,29,eric,220.195.35.40
Jan,29,lauren,220.195.35.40
Jan,29,mark,220.195.35.40
Jan,29,sin,220.195.35.40
Jan,29,richer,220.195.35.40
Jan,29,fluffy,220.195.35.40
Jan,29,gold,220.195.35.40
Jan,29,cosinus,220.195.35.40
Jan,29,httpd,220.195.35.40
Jan,29,squirrelmail,220.195.35.40
Jan,29,trash,220.195.35.40
Jan,29,kent,220.195.35.40
Jan,29,ace,220.195.35.40
Jan,29,backup,220.195.35.40
Jan,29,fish,220.195.35.40
Jan,29,java,220.195.35.40
Jan,29,master,220.195.35.40
Jan,29,oracle,220.195.35.40
Jan,29,seongjin,220.195.35.40
Jan,29,sun,220.195.35.40
Jan,29,susan,220.195.35.40
Jan,29,temp,220.195.35.40
Jan,29,town,220.195.35.40
Jan,29,lady,220.195.35.40
Jan,29,water,220.195.35.40
Jan,29,webrun,220.195.35.40
Jan,29,callhome,220.195.35.40
Jan,29,foobar,220.195.35.40
Jan,29,ircd,220.195.35.40
Jan,29,jeni,220.195.35.40
Jan,29,nick,220.195.35.40
Jan,29,webster,220.195.35.40
Jan,29,staff,220.195.35.40
Jan,29,saito,220.195.35.40
Jan,29,support,220.195.35.40
Jan,29,x,220.195.35.40
Jan,29,bula,220.195.35.40
Jan,29,felix,220.195.35.40
Jan,29,lead,220.195.35.40
Jan,29,romeo,220.195.35.40
Jan,29,sarolta,220.195.35.40
Jan,29,zemba,220.195.35.40
Jan,29,amar,220.195.35.40
Jan,29,jubar,220.195.35.40
Jan,29,mckey,220.195.35.40
Jan,29,notorius,220.195.35.40
Jan,29,avenues,220.195.35.40
Jan,29,sanderson,220.195.35.40
Jan,29,courier,220.195.35.40
Jan,29,duane,220.195.35.40
Jan,29,erin,220.195.35.40
Jan,29,exim,220.195.35.40
Jan,29,greg,220.195.35.40
Jan,29,rodney,220.195.35.40
Jan,29,ryan,220.195.35.40
Jan,29,testguy,220.195.35.40
Jan,29,whitecanyon,220.195.35.40
Jan,29,fabrice,220.195.35.40
Jan,29,sauv,220.195.35.40
Jan,29,eddie,220.195.35.40
Jan,29,folkert,220.195.35.40
Jan,29,beleaua,220.195.35.40
Jan,29,public,220.195.35.40
Jan,29,sebestyen,220.195.35.40
Jan,29,tordai,220.195.35.40
Jan,29,filter,220.195.35.40
Jan,29,lady,220.195.35.40
Jan,29,andrew,220.195.35.40
Jan,29,doomi,220.195.35.40
Jan,29,guma,220.195.35.40
Jan,29,ina,220.195.35.40
Jan,29,skid,220.195.35.40
Jan,29,spik,220.195.35.40
Jan,29,yarul,220.195.35.40
Jan,29,zako,220.195.35.40
Jan,29,adv,220.195.35.40
Jan,29,alias,220.195.35.40
Jan,29,annuaire,220.195.35.40
Jan,29,awstats,220.195.35.40
Jan,29,cs,220.195.35.40
Jan,29,emuleon,220.195.35.40
Jan,29,melk,220.195.35.40
Jan,29,palex,220.195.35.40
Jan,29,quake,220.195.35.40
Jan,29,save,220.195.35.40
Jan,29,styx,220.195.35.40
Jan,29,toto,220.195.35.40
Jan,29,tuningar,220.195.35.40
Jan,29,ionutz,220.195.35.40
Jan,29,abc,220.195.35.40
Jan,29,adela,220.195.35.40
Jan,29,adrian,220.195.35.40
Jan,29,alexandru,220.195.35.40
Jan,29,anca,220.195.35.40
Jan,29,antica,220.195.35.40
Jan,29,cncp,220.195.35.40
Jan,29,contabil,220.195.35.40
Jan,29,contempo,220.195.35.40
Jan,29,crisan,220.195.35.40
Jan,29,cristi,220.195.35.40
Jan,29,cristina,220.195.35.40
Jan,29,dana,220.195.35.40
Jan,29,david,220.195.35.40
Jan,29,dnp,220.195.35.40
Jan,29,doina,220.195.35.40
Jan,29,dorina,220.195.35.40
Jan,29,ernest,220.195.35.40
Jan,29,florin,220.195.35.40
Jan,29,fotograf,220.195.35.40
Jan,29,haitac,220.195.35.40
Jan,29,ionita,220.195.35.40
Jan,29,ionut,220.195.35.40
Jan,29,ionutz,220.195.35.40
Jan,29,jurca,220.195.35.40
Jan,29,lucia,220.195.35.40
Jan,29,maria,220.195.35.40
Jan,29,medie,220.195.35.40
Jan,29,moderna,220.195.35.40
Jan,29,moised,220.195.35.40
Jan,29,numis,220.195.35.40
Jan,29,oprea,220.195.35.40
Jan,29,paul,220.195.35.40
Jan,29,preist,220.195.35.40
Jan,29,radu,220.195.35.40
Jan,29,rodica,220.195.35.40
Jan,29,samba,220.195.35.40
Jan,29,sanda,220.195.35.40
Jan,29,secretar,220.195.35.40
Jan,29,simina,220.195.35.40
Jan,29,sorin,220.195.35.40
Jan,29,sport,220.195.35.40
Jan,29,personal,220.195.35.40
Jan,29,taz,220.195.35.40
Jan,29,teo,220.195.35.40
Jan,29,tina,220.195.35.40
Jan,29,webmasters,220.195.35.40
Jan,29,adi,220.195.35.40
Jan,29,alex,220.195.35.40
Jan,29,alina,220.195.35.40
Jan,29,anca,220.195.35.40
Jan,29,ancutza,220.195.35.40
Jan,29,arthur,220.195.35.40
Jan,29,aurelia,220.195.35.40
Jan,29,bogdan,220.195.35.40
Jan,29,bremar,220.195.35.40
Jan,29,calin,220.195.35.40
Jan,29,cdvonline,220.195.35.40
Jan,29,cerasela,220.195.35.40
Jan,29,chimi,220.195.35.40
Jan,29,cimpeanu,220.195.35.40
Jan,29,ciprian,220.195.35.40
Jan,29,claudia,220.195.35.40
Jan,29,claudiu,220.195.35.40
Jan,29,corbus,220.195.35.40
Jan,29,cris,220.195.35.40
Jan,29,dan,220.195.35.40
Jan,29,dana,220.195.35.40
Jan,29,daniel,220.195.35.40
Jan,29,daniela,220.195.35.40
Jan,29,danutza,220.195.35.40
Jan,29,eugen,220.195.35.40
Jan,29,gratiela,220.195.35.40
Jan,29,horia,220.195.35.40
Jan,29,iuli,220.195.35.40
Jan,29,iulian,220.195.35.40
Jan,29,iuly,220.195.35.40
Jan,29,klaus,220.195.35.40
Jan,29,laura,220.195.35.40
Jan,29,leu,220.195.35.40
Jan,29,liana,220.195.35.40
Jan,29,lili,220.195.35.40
Jan,29,lorant,220.195.35.40
Jan,29,loredana,220.195.35.40
Jan,29,lady,220.195.35.40
Jan,29,lucky,220.195.35.40
Jan,29,mari,220.195.35.40
Jan,29,marius,220.195.35.40
Jan,29,mia,220.195.35.40
Jan,29,mihai,220.195.35.40
Jan,29,monika,220.195.35.40
Jan,29,monique,220.195.35.40
Jan,29,nelu,220.195.35.40
Jan,29,nico,220.195.35.40
Jan,29,nicu,220.195.35.40
Jan,29,norby,220.195.35.40
Jan,29,ovidiu,220.195.35.40
Jan,29,miha,220.195.35.40
Jan,29,promo,220.195.35.40
Jan,29,radu,220.195.35.40
Jan,29,raducu,220.195.35.40
Jan,29,raul,220.195.35.40
Jan,29,robert,220.195.35.40
Jan,29,roxi,220.195.35.40
Jan,29,sasha,220.195.35.40
Jan,29,seba,220.195.35.40
Jan,29,shadow,220.195.35.40
Jan,29,stefan,220.195.35.40
Jan,29,toor,220.195.35.40
Jan,29,trigger,220.195.35.40
Jan,29,vasi,220.195.35.40
Jan,29,victor,220.195.35.40
Jan,29,webadmin,220.195.35.40
Jan,29,axente,220.195.35.40
Jan,29,dascalu,220.195.35.40
Jan,29,personal,220.195.35.40
Jan,29,dispecer,220.195.35.40
Jan,29,dorin,220.195.35.40
Jan,29,mada,220.195.35.40
Jan,29,medina,220.195.35.40
Jan,29,nicoara,220.195.35.40
Jan,29,slayer,220.195.35.40
Jan,29,telegest,220.195.35.40
Jan,29,wolf,220.195.35.40
Jan,29,lady,220.195.35.40
Jan,29,atb,220.195.35.40
Jan,29,claudius,220.195.35.40
Jan,29,officeinn,220.195.35.40
Jan,29,sly,220.195.35.40
Jan,29,xman,220.195.35.40
Jan,29,tehnolog,220.195.35.40
Jan,29,ambulator,220.195.35.40
Jan,29,calcul,220.195.35.40
Jan,29,contat,220.195.35.40
Jan,29,diabet,220.195.35.40
Jan,29,drweb,220.195.35.40
Jan,29,echopedi,220.195.35.40
Jan,29,eva,220.195.35.40
Jan,29,farmacia,220.195.35.40
Jan,29,garda,220.195.35.40
Jan,29,healer,220.195.35.40
Jan,29,isabel,220.195.35.40
Jan,29,juridic,220.195.35.40
Jan,29,nucleara,220.195.35.40
Jan,29,razvan,220.195.35.40
Jan,29,revista,220.195.35.40
Jan,29,statistica,220.195.35.40
Jan,29,bootcamp,220.195.35.40
Jan,29,alan,220.195.35.40
Jan,29,cisco,220.195.35.40
Jan,29,dave,220.195.35.40
Jan,29,gis,220.195.35.40
Jan,29,jeff,220.195.35.40
Jan,29,john,220.195.35.40
Jan,29,kevin,220.195.35.40
Jan,29,larry,220.195.35.40
Jan,29,smiley,220.195.35.40
Jan,29,software,220.195.35.40
Jan,29,steve,220.195.35.40
Jan,29,virgil,220.195.35.40
Jan,29,walt,220.195.35.40
Jan,29,ajiro,220.195.35.40
Jan,29,arasawa,220.195.35.40
Jan,29,asai,220.195.35.40
Jan,29,ayase,220.195.35.40
Jan,29,coupon,220.195.35.40
Jan,29,daikanyama,220.195.35.40
Jan,29,ebata,220.195.35.40
Jan,29,hayatsu,220.195.35.40
Jan,29,inada,220.195.35.40
Jan,29,isamu,220.195.35.40
Jan,29,kido,220.195.35.40
Jan,29,kimura,220.195.35.40
Jan,29,kitamura,220.195.35.40
Jan,29,kuroiwa,220.195.35.40
Jan,29,maeno,220.195.35.40
Jan,29,nishi,220.195.35.40
Jan,29,nishiyama,220.195.35.40
Jan,29,oshima,220.195.35.40
Jan,29,present,220.195.35.40
Jan,29,press,220.195.35.40
Jan,29,rapi,220.195.35.40
Jan,29,recruit,220.195.35.40
Jan,29,sakai,220.195.35.40
Jan,29,sasaki,220.195.35.40
Jan,29,shimada,220.195.35.40
Jan,29,shopsupport,220.195.35.40
Jan,29,suga,220.195.35.40
Jan,29,suge,220.195.35.40
Jan,29,takahashi,220.195.35.40
Jan,29,usui,220.195.35.40
Jan,29,yamaguchi,220.195.35.40
Jan,29,yasuda,220.195.35.40
Jan,29,yokoyama,220.195.35.40
Jan,29,yoshinari,220.195.35.40
Jan,29,client,220.195.35.40
Jan,29,cvs,220.195.35.40
Jan,29,graham,220.195.35.40
Jan,29,ianh,220.195.35.40
Jan,29,jill,220.195.35.40
Jan,29,lisa,220.195.35.40
Jan,29,phoebe,220.195.35.40
Jan,29,boxer,220.195.35.40
Jan,29,intraweb,220.195.35.40
Jan,29,aldo,220.195.35.40
Jan,29,aleon,220.195.35.40
Jan,29,almacen,220.195.35.40
Jan,29,areyes,220.195.35.40
Jan,29,aolivari,220.195.35.40
Jan,29,central,220.195.35.40
Jan,29,dante,220.195.35.40
Jan,29,eladio,220.195.35.40
Jan,29,etambra,220.195.35.40
Jan,29,evara,220.195.35.40
Jan,29,gruiz,220.195.35.40
Jan,29,josed,220.195.35.40
Jan,29,kop,220.195.35.40
Jan,29,lady,220.195.35.40
Jan,29,mabad,220.195.35.40
Jan,29,osilvera,220.195.35.40
Jan,29,patriciar,220.195.35.40
Jan,29,porteria,220.195.35.40
